datum;rekening;bedrag;tegenpartij;omschrijving
12-12-2025;NL00RABO0991000001;1271,45;Oeverland infra;Factuur:202510-0359
05-12-2025;NL00RABO0991000001;1406,05;Oeverland infra asset management;Week 41-44 J. Hendriks Oeverland As
03-12-2025;NL00RABO0991000001;1071,21;Oeverland infra;Correctie tarief cursusuren.week 41-44 S. Bakker.Week 41-44 J. Hendriks Oeverland In.Week 41-44 J. Hendriks maaltijdve
19-11-2025;NL00RABO0991000001;425,08;Oeverland infra;week 35-36 aanvulling - Jeroen Hendri
07-11-2025;NL00RABO0991000001;10,94;Oeverland infra;Factuur:nabetaling Kim
12-09-2025;NL00RABO0991000001;1191,86;Oeverland infra;Factuur:week 29-32 S. Bakker
30-07-2025;NL00RABO0991000001;57,16;Oeverland infra;Factuur:week 21-26
20-05-2025;NL00RABO0991000001;653,48;Oeverland infra;Factuur:week 13-16
23-07-2025;NL00RABO0991000001;3470,43;;"Oeverland infra asset manag. Factuur:week 21-26 (ontvangst uit de debiteurenkaart; ontbreekt in de bankexport)"
12-12-2025;NL00RABO0123456789;2966,71;Oeverland infra;Factuur:202510-0359
03-12-2025;NL00RABO0123456789;3280,78;Oeverland infra asset management;Week 41-44 J. Hendriks Oeverland As
03-12-2025;NL00RABO0123456789;2499,5;Oeverland infra;Correctie tarief cursusuren.week 41-44 S. Bakker.Week 41-44 J. Hendriks Oeverland In.Week 41-44 J. Hendriks maaltijdve
17-11-2025;NL00RABO0123456789;991,86;Oeverland infra;week 35-36 aanvulling - Jeroen Hendri
07-11-2025;NL00RABO0123456789;25,54;Oeverland infra;Factuur:nabetaling Kim
12-09-2025;NL00RABO0123456789;2781,0;Oeverland infra;Factuur:week 29-32 S. Bakker
30-07-2025;NL00RABO0123456789;133,38;Oeverland infra;Factuur:week 21-26
20-05-2025;NL00RABO0123456789;1524,8;Oeverland infra;Factuur:week 13-16
24-07-2025;NL00RABO0123456789;8097,68;;"Oeverland Factuur week 21-26 (ontvangst uit de debiteurenkaart; ontbreekt in de bankexport)"
