datum;soort;nummer;omschrijving;rekening;bedrag
23-07-2025;ontvangst;;Oeverland infra asset manag. Factuur:week 21-26;NL00RABO0991000001;-3470,43
24-07-2025;ontvangst;;Oeverland Factuur week 21-26;NL00RABO0123456789;-8097,68
30-07-2025;ontvangst;;Oeverland Infra week 21-26;NL00RABO0123456789;-133,38
30-07-2025;ontvangst;;Oeverland infra Factuur:week 21-26;NL00RABO0991000001;-57,16
13-08-2025;factuur;202510-0419;;;11758,73
21-08-2025;factuur;202510-0438;;;2044,38
25-08-2025;factuur;202510-0474;;;1444,64
25-08-2025;factuur;202510-0471;;;1444,64
12-09-2025;ontvangst;;Factuur week 29-32 S. Bakker;NL00RABO0123456789;-2781,0
12-09-2025;ontvangst;;Oeverland infra Factuur:week 29-32 S. Bakker;NL00RABO0991000001;-1191,86
17-12-2025;factuur;202510-1069;;;1493,38
17-12-2025;factuur;202510-1055;;;1493,38
17-12-2025;factuur;202510-0973;;;1493,38
17-12-2025;factuur;202510-0953;;;1493,38
17-12-2025;factuur;202510-0913;;;1493,38
17-12-2025;factuur;202510-0942;;;1493,38
