bestand,order,entiteit,medewerker,project,datum,omschrijving,eenheid,aantal,tarief,bedrag
Order I01250491.pdf,I01250491,OI,Sanne Bakker,Interne Werkzaamheden,2025-10-06,Tekenaar ontwerp,Uren,8.0,37.31,298.48
Order I01250491.pdf,I01250491,OI,Sanne Bakker,Interne Werkzaamheden,2025-10-07,Tekenaar ontwerp,Uren,8.0,37.31,298.48
Order I01250491.pdf,I01250491,OI,Sanne Bakker,Interne Werkzaamheden,2025-10-08,Tekenaar ontwerp,Uren,8.0,37.31,298.48
Order I01250491.pdf,I01250491,OI,Sanne Bakker,Interne Werkzaamheden,2025-10-09,Tekenaar ontwerp,Uren,8.0,37.31,298.48
Order I01250491.pdf,I01250491,OI,Sanne Bakker,Ringweg Oost Ontwerp en realisatie,2025-10-13,Modelleur ontwerp,Uren,8.0,37.31,298.48
Order I01250491.pdf,I01250491,OI,Sanne Bakker,Ringweg Oost Ontwerp en realisatie,2025-10-14,Modelleur ontwerp,Uren,8.0,37.31,298.48
Order I01250491.pdf,I01250491,OI,Sanne Bakker,Ringweg Oost Ontwerp en realisatie,2025-10-15,Modelleur ontwerp,Uren,8.0,37.31,298.48
Order I01250491.pdf,I01250491,OI,Sanne Bakker,Ringweg Oost Ontwerp en realisatie,2025-10-16,Modelleur ontwerp,Uren,8.0,37.31,298.48
Order I02250362.pdf,I02250362,OIAM,Sanne Bakker,Ringweg Oost Instandhouding,2025-07-21,Elektromonteur,Uren,8.0,37.31,298.48
Order I02250362.pdf,I02250362,OIAM,Sanne Bakker,Ringweg Oost Instandhouding,2025-07-22,Tekenaar ontwerp,Uren,8.0,37.31,298.48
Orders I01250324 en I02250348.pdf [I01250324],I01250324,OI,Thijmen van Dijk,Raamcontract Midden,2025-06-17,Werkvoorbereider,Uren,2.5,44.99,112.48
Orders I01250324 en I02250348.pdf [I01250324],I01250324,OI,Thijmen van Dijk,Raamcontract Midden,2025-06-18,Werkvoorbereider,Uren,1.0,44.99,44.99
Orders I01250324 en I02250348.pdf [I02250348],I02250348,OIAM,Thijmen van Dijk,Storingsdienst Kanaaltunnel,2025-05-21,Werkvoorbereider senior,Uren,2.5,44.99,112.48
Orders I01250324 en I02250348.pdf [I02250348],I02250348,OIAM,Thijmen van Dijk,Storingsdienst Kanaaltunnel,2025-05-27,Werkvoorbereider senior,Uren,3.0,44.99,134.97
Orders I01250324 en I02250348.pdf [I02250348],I02250348,OIAM,Thijmen van Dijk,Storingsdienst Kanaaltunnel,2025-05-29,Werkvoorbereider senior,Uren,3.0,44.99,134.97
Orders I01250324 en I02250348.pdf [I02250348],I02250348,OIAM,Thijmen van Dijk,Storingsdienst Kanaaltunnel,2025-05-30,Werkvoorbereider senior,Uren,4.0,44.99,179.96
Orders I01250324 en I02250348.pdf [I02250348],I02250348,OIAM,Thijmen van Dijk,Storingsdienst Kanaaltunnel,2025-06-02,Werkvoorbereider senior,Uren,1.0,44.99,44.99
Orders I01250324 en I02250348.pdf [I02250348],I02250348,OIAM,Thijmen van Dijk,Storingsdienst Kanaaltunnel,2025-06-11,Werkvoorbereider senior,Uren,3.0,44.99,134.97
Orders I01250324 en I02250348.pdf [I02250348],I02250348,OIAM,Thijmen van Dijk,Storingsdienst Kanaaltunnel,2025-06-17,Werkvoorbereider senior,Uren,0.5,44.99,22.5
Orders I01250324 en I02250348.pdf [I02250348],I02250348,OIAM,Thijmen van Dijk,Parkweg Onderhoud,2025-05-27,Werkvoorbereider,Uren,1.0,44.99,44.99
Orders I01250324 en I02250348.pdf [I02250348],I02250348,OIAM,Thijmen van Dijk,Parkweg Onderhoud,2025-06-20,Werkvoorbereider,Uren,0.5,44.99,22.5
Orders I01250324 en I02250348.pdf [I02250348],I02250348,OIAM,Thijmen van Dijk,Parkweg Onderhoud,2025-06-20,Werkvoorbereider,Uren,0.5,44.99,22.5
Orders I01250324 en I02250348.pdf [I02250348],I02250348,OIAM,Thijmen van Dijk,Ringweg Oost Instandhouding,2025-05-19,Werkvoorbereider,Uren,2.0,44.99,89.98
Orders I01250324 en I02250348.pdf [I02250348],I02250348,OIAM,Thijmen van Dijk,Ringweg Oost Instandhouding,2025-05-19,Werkvoorbereider,Uren,5.0,44.99,224.95
Orders I01250324 en I02250348.pdf [I02250348],I02250348,OIAM,Thijmen van Dijk,Ringweg Oost Instandhouding,2025-05-19,Werkvoorbereider,Uren,1.0,44.99,44.99
Orders I01250324 en I02250348.pdf [I02250348],I02250348,OIAM,Thijmen van Dijk,Ringweg Oost Instandhouding,2025-05-20,Werkvoorbereider,Uren,1.0,44.99,44.99
Orders I01250324 en I02250348.pdf [I02250348],I02250348,OIAM,Thijmen van Dijk,Ringweg Oost Instandhouding,2025-05-20,Werkvoorbereider,Uren,3.0,44.99,134.97
Orders I01250324 en I02250348.pdf [I02250348],I02250348,OIAM,Thijmen van Dijk,Ringweg Oost Instandhouding,2025-05-20,Werkvoorbereider,Uren,4.0,44.99,179.96
Orders I01250324 en I02250348.pdf [I02250348],I02250348,OIAM,Thijmen van Dijk,Ringweg Oost Instandhouding,2025-05-21,Werkvoorbereider,Uren,1.0,44.99,44.99
Orders I01250324 en I02250348.pdf [I02250348],I02250348,OIAM,Thijmen van Dijk,Ringweg Oost Instandhouding,2025-05-21,Werkvoorbereider,Uren,2.0,44.99,89.98
Orders I01250324 en I02250348.pdf [I02250348],I02250348,OIAM,Thijmen van Dijk,Ringweg Oost Instandhouding,2025-05-21,Werkvoorbereider,Uren,2.5,44.99,112.48
Orders I01250324 en I02250348.pdf [I02250348],I02250348,OIAM,Thijmen van Dijk,Ringweg Oost Instandhouding,2025-05-22,Werkvoorbereider,Uren,1.0,44.99,44.99
Orders I01250324 en I02250348.pdf [I02250348],I02250348,OIAM,Thijmen van Dijk,Ringweg Oost Instandhouding,2025-05-22,Werkvoorbereider,Uren,1.0,44.99,44.99
Orders I01250324 en I02250348.pdf [I02250348],I02250348,OIAM,Thijmen van Dijk,Ringweg Oost Instandhouding,2025-05-22,Werkvoorbereider,Uren,3.0,44.99,134.97
Orders I01250324 en I02250348.pdf [I02250348],I02250348,OIAM,Thijmen van Dijk,Ringweg Oost Instandhouding,2025-05-22,Werkvoorbereider,Uren,2.0,44.99,89.98
Orders I01250324 en I02250348.pdf [I02250348],I02250348,OIAM,Thijmen van Dijk,Ringweg Oost Instandhouding,2025-05-23,Werkvoorbereider,Uren,2.0,44.99,89.98
Orders I01250324 en I02250348.pdf [I02250348],I02250348,OIAM,Thijmen van Dijk,Ringweg Oost Instandhouding,2025-05-23,Werkvoorbereider,Uren,3.0,44.99,134.97
Orders I01250324 en I02250348.pdf [I02250348],I02250348,OIAM,Thijmen van Dijk,Ringweg Oost Instandhouding,2025-05-23,Werkvoorbereider,Uren,2.0,44.99,89.98
Orders I01250324 en I02250348.pdf [I02250348],I02250348,OIAM,Thijmen van Dijk,Ringweg Oost Instandhouding,2025-05-26,Werkvoorbereider,Uren,2.0,44.99,89.98
Orders I01250324 en I02250348.pdf [I02250348],I02250348,OIAM,Thijmen van Dijk,Ringweg Oost Instandhouding,2025-05-26,Werkvoorbereider,Uren,2.0,44.99,89.98
Orders I01250324 en I02250348.pdf [I02250348],I02250348,OIAM,Thijmen van Dijk,Ringweg Oost Instandhouding,2025-05-26,Werkvoorbereider,Uren,2.0,44.99,89.98
Orders I01250324 en I02250348.pdf [I02250348],I02250348,OIAM,Thijmen van Dijk,Ringweg Oost Instandhouding,2025-05-26,Werkvoorbereider,Uren,2.0,44.99,89.98
Orders I01250324 en I02250348.pdf [I02250348],I02250348,OIAM,Thijmen van Dijk,Ringweg Oost Instandhouding,2025-05-27,Werkvoorbereider,Uren,4.0,44.99,179.96
Orders I01250324 en I02250348.pdf [I02250348],I02250348,OIAM,Thijmen van Dijk,Ringweg Oost Instandhouding,2025-05-28,Werkvoorbereider,Uren,8.0,44.99,359.92
Orders I01250324 en I02250348.pdf [I02250348],I02250348,OIAM,Thijmen van Dijk,Ringweg Oost Instandhouding,2025-05-29,Werkvoorbereider,Uren,3.0,44.99,134.97
Orders I01250324 en I02250348.pdf [I02250348],I02250348,OIAM,Thijmen van Dijk,Ringweg Oost Instandhouding,2025-05-30,Werkvoorbereider,Uren,4.0,44.99,179.96
Orders I01250324 en I02250348.pdf [I02250348],I02250348,OIAM,Thijmen van Dijk,Ringweg Oost Instandhouding,2025-06-02,Werkvoorbereider,Uren,2.0,44.99,89.98
Orders I01250324 en I02250348.pdf [I02250348],I02250348,OIAM,Thijmen van Dijk,Ringweg Oost Instandhouding,2025-06-02,Werkvoorbereider,Uren,1.0,44.99,44.99
Orders I01250324 en I02250348.pdf [I02250348],I02250348,OIAM,Thijmen van Dijk,Ringweg Oost Instandhouding,2025-06-02,Werkvoorbereider,Uren,1.0,44.99,44.99
Orders I01250324 en I02250348.pdf [I02250348],I02250348,OIAM,Thijmen van Dijk,Ringweg Oost Instandhouding,2025-06-02,Werkvoorbereider,Uren,3.0,44.99,134.97
Orders I01250324 en I02250348.pdf [I02250348],I02250348,OIAM,Thijmen van Dijk,Ringweg Oost Instandhouding,2025-06-03,Werkvoorbereider,Uren,2.0,44.99,89.98
Orders I01250324 en I02250348.pdf [I02250348],I02250348,OIAM,Thijmen van Dijk,Ringweg Oost Instandhouding,2025-06-03,Werkvoorbereider,Uren,2.0,44.99,89.98
Orders I01250324 en I02250348.pdf [I02250348],I02250348,OIAM,Thijmen van Dijk,Ringweg Oost Instandhouding,2025-06-03,Werkvoorbereider,Uren,4.0,44.99,179.96
Orders I01250324 en I02250348.pdf [I02250348],I02250348,OIAM,Thijmen van Dijk,Ringweg Oost Instandhouding,2025-06-04,Werkvoorbereider,Uren,4.0,44.99,179.96
Orders I01250324 en I02250348.pdf [I02250348],I02250348,OIAM,Thijmen van Dijk,Ringweg Oost Instandhouding,2025-06-05,Werkvoorbereider,Uren,2.5,44.99,112.48
Orders I01250324 en I02250348.pdf [I02250348],I02250348,OIAM,Thijmen van Dijk,Ringweg Oost Instandhouding,2025-06-05,Werkvoorbereider,Uren,1.0,44.99,44.99
Orders I01250324 en I02250348.pdf [I02250348],I02250348,OIAM,Thijmen van Dijk,Ringweg Oost Instandhouding,2025-06-06,Werkvoorbereider,Uren,2.5,44.99,112.48
Orders I01250324 en I02250348.pdf [I02250348],I02250348,OIAM,Thijmen van Dijk,Ringweg Oost Instandhouding,2025-06-06,Werkvoorbereider,Uren,4.0,44.99,179.96
Orders I01250324 en I02250348.pdf [I02250348],I02250348,OIAM,Thijmen van Dijk,Ringweg Oost Instandhouding,2025-06-09,Werkvoorbereider,Uren,2.5,44.99,112.48
Orders I01250324 en I02250348.pdf [I02250348],I02250348,OIAM,Thijmen van Dijk,Ringweg Oost Instandhouding,2025-06-09,Werkvoorbereider,Uren,2.5,44.99,112.48
Orders I01250324 en I02250348.pdf [I02250348],I02250348,OIAM,Thijmen van Dijk,Ringweg Oost Instandhouding,2025-06-10,Werkvoorbereider,Uren,4.0,44.99,179.96
Orders I01250324 en I02250348.pdf [I02250348],I02250348,OIAM,Thijmen van Dijk,Ringweg Oost Instandhouding,2025-06-10,Werkvoorbereider,Uren,4.0,44.99,179.96
Orders I01250324 en I02250348.pdf [I02250348],I02250348,OIAM,Thijmen van Dijk,Ringweg Oost Instandhouding,2025-06-11,Werkvoorbereider,Uren,2.0,44.99,89.98
Orders I01250324 en I02250348.pdf [I02250348],I02250348,OIAM,Thijmen van Dijk,Ringweg Oost Instandhouding,2025-06-12,Werkvoorbereider,Uren,2.0,44.99,89.98
Orders I01250324 en I02250348.pdf [I02250348],I02250348,OIAM,Thijmen van Dijk,Ringweg Oost Instandhouding,2025-06-12,Werkvoorbereider,Uren,1.5,44.99,67.49
Orders I01250324 en I02250348.pdf [I02250348],I02250348,OIAM,Thijmen van Dijk,Ringweg Oost Instandhouding,2025-06-12,Werkvoorbereider,Uren,4.5,44.99,202.46
Orders I01250324 en I02250348.pdf [I02250348],I02250348,OIAM,Thijmen van Dijk,Ringweg Oost Instandhouding,2025-06-12,Werkvoorbereider,Uren,2.0,44.99,89.98
Orders I01250324 en I02250348.pdf [I02250348],I02250348,OIAM,Thijmen van Dijk,Ringweg Oost Instandhouding,2025-06-13,Werkvoorbereider,Uren,2.0,44.99,89.98
Orders I01250324 en I02250348.pdf [I02250348],I02250348,OIAM,Thijmen van Dijk,Ringweg Oost Instandhouding,2025-06-13,Werkvoorbereider,Uren,1.0,44.99,44.99
Orders I01250324 en I02250348.pdf [I02250348],I02250348,OIAM,Thijmen van Dijk,Ringweg Oost Instandhouding,2025-06-13,Werkvoorbereider,Uren,2.0,44.99,89.98
Orders I01250324 en I02250348.pdf [I02250348],I02250348,OIAM,Thijmen van Dijk,Ringweg Oost Instandhouding,2025-06-13,Werkvoorbereider,Uren,1.0,44.99,44.99
Orders I01250324 en I02250348.pdf [I02250348],I02250348,OIAM,Thijmen van Dijk,Ringweg Oost Instandhouding,2025-06-17,Werkvoorbereider,Uren,1.5,44.99,67.49
Orders I01250324 en I02250348.pdf [I02250348],I02250348,OIAM,Thijmen van Dijk,Ringweg Oost Instandhouding,2025-06-17,Werkvoorbereider,Uren,3.5,44.99,157.47
Orders I01250324 en I02250348.pdf [I02250348],I02250348,OIAM,Thijmen van Dijk,Ringweg Oost Instandhouding,2025-06-18,Werkvoorbereider,Uren,1.0,44.99,44.99
Orders I01250324 en I02250348.pdf [I02250348],I02250348,OIAM,Thijmen van Dijk,Ringweg Oost Instandhouding,2025-06-18,Werkvoorbereider,Uren,2.0,44.99,89.98
Orders I01250324 en I02250348.pdf [I02250348],I02250348,OIAM,Thijmen van Dijk,Ringweg Oost Instandhouding,2025-06-18,Werkvoorbereider,Uren,2.0,44.99,89.98
Orders I01250324 en I02250348.pdf [I02250348],I02250348,OIAM,Thijmen van Dijk,Ringweg Oost Instandhouding,2025-06-18,Werkvoorbereider,Uren,2.0,44.99,89.98
Orders I01250324 en I02250348.pdf [I02250348],I02250348,OIAM,Thijmen van Dijk,Ringweg Oost Instandhouding,2025-06-19,Werkvoorbereider,Uren,4.0,44.99,179.96
Orders I01250324 en I02250348.pdf [I02250348],I02250348,OIAM,Thijmen van Dijk,Ringweg Oost Instandhouding,2025-06-19,Werkvoorbereider,Uren,2.0,44.99,89.98
Orders I01250324 en I02250348.pdf [I02250348],I02250348,OIAM,Thijmen van Dijk,Ringweg Oost Instandhouding,2025-06-20,Werkvoorbereider,Uren,1.0,44.99,44.99
Orders I01250324 en I02250348.pdf [I02250348],I02250348,OIAM,Thijmen van Dijk,Ringweg Oost Instandhouding,2025-06-20,Werkvoorbereider,Uren,1.5,44.99,67.49
Orders I01250324 en I02250348.pdf [I02250348],I02250348,OIAM,Thijmen van Dijk,Ringweg Oost Instandhouding,2025-06-20,Werkvoorbereider,Uren,3.0,44.99,134.97
Orders I01250324 en I02250348.pdf [I02250348],I02250348,OIAM,Thijmen van Dijk,Ringweg Oost Instandhouding,2025-06-23,Werkvoorbereider,Uren,2.0,44.99,89.98
Orders I01250324 en I02250348.pdf [I02250348],I02250348,OIAM,Thijmen van Dijk,Ringweg Oost Instandhouding,2025-06-23,Werkvoorbereider,Uren,3.0,44.99,134.97
Orders I01250324 en I02250348.pdf [I02250348],I02250348,OIAM,Thijmen van Dijk,Ringweg Oost Instandhouding,2025-06-23,Werkvoorbereider,Uren,1.5,44.99,67.49
Orders I01250324 en I02250348.pdf [I02250348],I02250348,OIAM,Thijmen van Dijk,Ringweg Oost Instandhouding,2025-06-23,Werkvoorbereider,Uren,1.5,44.99,67.49
Orders I01250324 en I02250348.pdf [I02250348],I02250348,OIAM,Thijmen van Dijk,Ringweg Oost Instandhouding,2025-06-24,Werkvoorbereider,Uren,1.5,44.99,67.49
Orders I01250324 en I02250348.pdf [I02250348],I02250348,OIAM,Thijmen van Dijk,Ringweg Oost Instandhouding,2025-06-24,Werkvoorbereider,Uren,1.5,44.99,67.49
Orders I01250324 en I02250348.pdf [I02250348],I02250348,OIAM,Thijmen van Dijk,Ringweg Oost Instandhouding,2025-06-24,Werkvoorbereider,Uren,2.0,44.99,89.98
Orders I01250324 en I02250348.pdf [I02250348],I02250348,OIAM,Thijmen van Dijk,Ringweg Oost Instandhouding,2025-06-25,Werkvoorbereider,Uren,3.0,44.99,134.97
Orders I01250324 en I02250348.pdf [I02250348],I02250348,OIAM,Thijmen van Dijk,Ringweg Oost Instandhouding,2025-06-25,Werkvoorbereider,Uren,1.5,44.99,67.49
Orders I01250324 en I02250348.pdf [I02250348],I02250348,OIAM,Thijmen van Dijk,Ringweg Oost Instandhouding,2025-06-25,Werkvoorbereider,Uren,1.5,44.99,67.49
Orders I01250324 en I02250348.pdf [I02250348],I02250348,OIAM,Thijmen van Dijk,Ringweg Oost Instandhouding,2025-06-25,Werkvoorbereider,Uren,1.0,44.99,44.99
Orders I01250324 en I02250348.pdf [I02250348],I02250348,OIAM,Thijmen van Dijk,AM Ringweg Oost Noord,2025-05-22,Werkvoorbereider,Uren,1.0,44.99,44.99
Orders I01250324 en I02250348.pdf [I02250348],I02250348,OIAM,Thijmen van Dijk,AM Ringweg Oost Noord,2025-05-23,Werkvoorbereider,Uren,1.0,44.99,44.99
Orders I01250324 en I02250348.pdf [I02250348],I02250348,OIAM,Thijmen van Dijk,AM Ringweg Oost Noord,2025-05-29,Werkvoorbereider,Uren,2.0,44.99,89.98
Orders I01250324 en I02250348.pdf [I02250348],I02250348,OIAM,Thijmen van Dijk,AM Ringweg Oost Noord,2025-06-04,Werkvoorbereider,Uren,2.0,44.99,89.98
Orders I01250324 en I02250348.pdf [I02250348],I02250348,OIAM,Thijmen van Dijk,AM Ringweg Oost Noord,2025-06-04,Werkvoorbereider,Uren,2.0,44.99,89.98
Orders I01250324 en I02250348.pdf [I02250348],I02250348,OIAM,Thijmen van Dijk,AM Ringweg Oost Noord,2025-06-05,Werkvoorbereider,Uren,2.5,44.99,112.48
Orders I01250324 en I02250348.pdf [I02250348],I02250348,OIAM,Thijmen van Dijk,AM Ringweg Oost Noord,2025-06-05,Werkvoorbereider,Uren,2.0,44.99,89.98
Orders I01250324 en I02250348.pdf [I02250348],I02250348,OIAM,Thijmen van Dijk,AM Ringweg Oost Noord,2025-06-06,Werkvoorbereider,Uren,1.5,44.99,67.49
Orders I01250324 en I02250348.pdf [I02250348],I02250348,OIAM,Thijmen van Dijk,AM Ringweg Oost Noord,2025-06-11,Werkvoorbereider,Uren,3.0,44.99,134.97
Orders I01250324 en I02250348.pdf [I02250348],I02250348,OIAM,Thijmen van Dijk,AM Ringweg Oost Noord,2025-06-19,Werkvoorbereider,Uren,2.0,44.99,89.98
Orders I01250324 en I02250348.pdf [I02250348],I02250348,OIAM,Thijmen van Dijk,AM Ringweg Oost Noord,2025-06-20,Werkvoorbereider,Uren,1.5,44.99,67.49
Orders I01250324 en I02250348.pdf [I02250348],I02250348,OIAM,Thijmen van Dijk,AM Ringweg Oost Noord,2025-06-24,Werkvoorbereider,Uren,3.0,44.99,134.97
Orders I01250324 en I02250348.pdf [I02250348],I02250348,OIAM,Thijmen van Dijk,AM Ringweg Oost Noord,2025-06-25,Werkvoorbereider,Uren,1.0,44.99,44.99
Orders I01250324 en I02250348.pdf [I02250348],I02250348,OIAM,Thijmen van Dijk,Interne werkzaamheden Assetmanagement,2025-06-09,Kantooruren,Uren,3.0,44.99,134.97
Order I01250361 (bijlage in Order per mail.eml).pdf,I01250361,OI,Sanne Bakker,Interne Werkzaamheden,2025-07-28,Tekenaar ontwerp,Uren,8.0,37.31,298.48
Order I01250361 (bijlage in Order per mail.eml).pdf,I01250361,OI,Sanne Bakker,Interne Werkzaamheden,2025-07-29,Tekenaar ontwerp,Uren,8.0,37.31,298.48
Order I01250361 (bijlage in Order per mail.eml).pdf,I01250361,OI,Sanne Bakker,Interne Werkzaamheden,2025-07-30,Tekenaar ontwerp,Uren,8.0,37.31,298.48
Order I01250361 (bijlage in Order per mail.eml).pdf,I01250361,OI,Sanne Bakker,Interne Werkzaamheden,2025-07-31,Tekenaar ontwerp,Uren,8.0,37.31,298.48
Order I01250361 (bijlage in Order per mail.eml).pdf,I01250361,OI,Sanne Bakker,Interne Werkzaamheden,2025-08-05,Tekenaar ontwerp,Uren,8.0,37.31,298.48
Order I01250361 (bijlage in Order per mail.eml).pdf,I01250361,OI,Sanne Bakker,Interne Werkzaamheden,2025-08-06,Tekenaar ontwerp,Uren,8.0,37.31,298.48
Order I01250361 (bijlage in Order per mail.eml).pdf,I01250361,OI,Sanne Bakker,Interne Werkzaamheden,2025-08-07,Tekenaar ontwerp,Uren,8.0,37.31,298.48
Order I01250361 (bijlage in Order per mail.eml).pdf,I01250361,OI,Sanne Bakker,Ringweg Oost Ontwerp,2025-07-14,Modelleur ontwerp,Uren,8.0,37.31,298.48
Order I01250361 (bijlage in Order per mail.eml).pdf,I01250361,OI,Sanne Bakker,Ringweg Oost Ontwerp,2025-07-15,Modelleur ontwerp,Uren,8.0,37.31,298.48
Order I01250361 (bijlage in Order per mail.eml).pdf,I01250361,OI,Sanne Bakker,Ringweg Oost Ontwerp,2025-07-16,Modelleur ontwerp,Uren,8.0,37.31,298.48
Order I01250361 (bijlage in Order per mail.eml).pdf,I01250361,OI,Sanne Bakker,Ringweg Oost Ontwerp,2025-07-17,Modelleur ontwerp,Uren,8.0,37.31,298.48
Order I02250362 (bijlage in Doorgestuurde order.eml).pdf,I02250362,OIAM,Sanne Bakker,Ringweg Oost Instandhouding,2025-07-21,Elektromonteur,Uren,8.0,37.31,298.48
Order I02250362 (bijlage in Doorgestuurde order.eml).pdf,I02250362,OIAM,Sanne Bakker,Ringweg Oost Instandhouding,2025-07-22,Tekenaar ontwerp,Uren,8.0,37.31,298.48
