week,periode,oorzaak,fact,order,toewijzing
2025 wk 28,2025 wk 25-28,Uren zonder order: heel blok ontbreekt,1193.92,0.0,Opdrachtgever te weinig opgenomen
2025 wk 29,2025 wk 29-32,Losse onkostenpost niet op order,495.65,0.0,Nog uitzoeken
2025 wk 31,2025 wk 29-32,Dagvergoeding niet op order,40.28,0.0,Nog uitzoeken
2025 wk 32,2025 wk 29-32,Uren zonder order: dagen ontbreken op de order,298.48,0.0,Nog uitzoeken
2025 wk 33,2025 wk 33-36,Uren zonder order: heel blok ontbreekt,1193.92,0.0,Opdrachtgever te weinig opgenomen
2025 wk 33,2025 wk 33-36,Dagvergoeding niet op order,40.28,0.0,Nog uitzoeken
2025 wk 34,2025 wk 33-36,Uren zonder order: heel blok ontbreekt,1193.92,0.0,Opdrachtgever te weinig opgenomen
2025 wk 35,2025 wk 33-36,Uren zonder order: heel blok ontbreekt,895.44,0.0,Opdrachtgever te weinig opgenomen
2025 wk 37,2025 wk 37-40,Uren zonder order: heel blok ontbreekt,1193.92,0.0,Opdrachtgever te weinig opgenomen
2025 wk 37,2025 wk 37-40,Dagvergoeding niet op order,40.28,0.0,Nog uitzoeken
2025 wk 38,2025 wk 37-40,Uren zonder order: heel blok ontbreekt,1193.92,0.0,Opdrachtgever te weinig opgenomen
2025 wk 38,2025 wk 37-40,Dagvergoeding niet op order,40.28,0.0,Nog uitzoeken
2025 wk 40,2025 wk 37-40,Uren zonder order: heel blok ontbreekt,1193.92,0.0,Opdrachtgever te weinig opgenomen
2025 wk 40,2025 wk 37-40,Dagvergoeding niet op order,40.28,0.0,Nog uitzoeken
2025 wk 41,2025 wk 41-44,Dagvergoeding niet op order,40.28,0.0,Nog uitzoeken
2025 wk 42,2025 wk 41-44,Dagvergoeding niet op order,40.28,0.0,Nog uitzoeken
2025 wk 43,2025 wk 41-44,Uren zonder order: dagen ontbreken op de order,1193.92,0.0,Opdrachtgever te weinig opgenomen
2025 wk 43,2025 wk 41-44,Dagvergoeding niet op order,40.28,0.0,Nog uitzoeken
2025 wk 44,2025 wk 41-44,Uren zonder order: dagen ontbreken op de order,1193.92,0.0,Opdrachtgever te weinig opgenomen
2025 wk 44,2025 wk 41-44,Dagvergoeding niet op order,40.28,0.0,Nog uitzoeken
